group,models,alpha,full,tail20,tail10,tail5,ts_fold5,composite,spearman_to_anchor,spearman_to_failed,mean_rank_delta_to_anchor
safe,v016+v017+v031+v032,0.21,0.13891860842704773,0.10973341763019562,0.10074013471603394,0.14466316998004913,0.10973341763019562,0.12501073628664017,0.9941914192276431,0.9382773817668572,0.023246604949235916
safe,v016+v017+v031+v032,0.2,0.1387050896883011,0.10942438989877701,0.10048191249370575,0.14439210295677185,0.10942438989877701,0.12475610449910164,0.9947523167769272,0.9370334598030827,0.022113118320703506
safe,v016+v017+v031+v032,0.19,0.13848167657852173,0.10911303758621216,0.10022144019603729,0.14411869645118713,0.10911303758621216,0.12449575141072274,0.9952827367162436,0.935769073985811,0.020982345566153526
safe,v016+v017+v031+v032,0.18,0.13824795186519623,0.10879926383495331,0.09995871037244797,0.14384301006793976,0.10879926383495331,0.12422946505248547,0.995783041382852,0.9344843979531173,0.019854336977005005
safe,v016+v017+v031+v032,0.15,0.13748596608638763,0.10784417390823364,0.0991569310426712,0.14300192892551422,0.10784417390823364,0.12339566946029663,0.9971064690166962,0.9305116625697796,0.01648605242371559
