file,valid,rows,id_match,missing,mean,std,min,max,local_score,score_source,composite,utility,spearman_to_anchor,spearman_to_failed,rank_delta_to_anchor,warning
sub_ensemble_ranknorm_v005_v010_v012_v015_v017_v018_v019_v020_v021_v022_v023_v024_v025_v026.csv,True,538150,True,0,-0.04833795313239801,1.0404143122658425,-3.4683313287317588,4.097234399366224,0.14974595251568731,oof_pearson,,,,,,
sub_calibrated_tail_cli_full.csv,True,538150,True,0,1.412715049673559e-11,0.49634724811603326,-0.9986673,0.99820244,0.12336291372776031,scores.composite,0.12336291372776031,,,,,
sub_anchor_blend_utility_scan.csv,True,538150,True,0,5.650272381866288e-12,0.5592506722941556,-0.99998903,0.999991,0.12908001355826854,scores.utility,0.12908001355826854,0.12908001355826854,0.995783041382852,0.9344843979531173,0.019854336977005005,
sub_anchor_blend_conservative.csv,True,538150,True,0,1.4309171780098437e-11,0.5567220672887693,-0.9999894,0.9999911,0.12954449281096458,scores.composite,0.12954449281096458,,0.9941914192276431,0.9382773817668572,0.023246604949235916,
sub_anti_failed_rank_beta020.csv,True,538150,True,0,1.3731570104812863e-18,0.5773502691884222,-0.9999981417820312,0.999998141782031,,,,,0.9966878690048235,0.8714459479255182,0.017765465292694925,"No OOF score; uses only public-LB feedback geometry. Diagnostic fallback, not first-choice submit."
