file,valid,rows,local_score,score_source,spearman_to_anchor,max_spearman_to_failed,mean_spearman_to_failed,rank_delta_to_anchor,local_bonus,geometry_score,spearman_to_sub_calibrated_tail_cli_,spearman_to_sub_anchor_blend_utility
sub_anchor_blend_micro_scan.csv,True,538150,0.12804221734404564,scores.utility,0.9981701704079322,0.9995076221684566,0.9629378691030424,0.013142334601832256,0.16807391146818804,0.664044220618396,0.926368116037628,0.9995076221684566
sub_anchor_blend_low_failed_scan.csv,True,538150,0.1279003031551838,scores.utility,0.9972670629973209,0.9991620071847209,0.9614294136365429,0.015700507113260282,0.16334343850612684,0.6628222974861039,0.923696820088365,0.9991620071847209
sub_anti_failed_rank_beta100.csv,True,538150,,,0.9991541430662162,0.9919649639586198,0.9411754684752678,0.008919724805912431,0.0,0.6502478718225664,0.8903859729919157,0.9919649639586198
sub_anti_failed_rank_w100_040.csv,True,538150,,,0.9990300708616826,0.9915089844640976,0.9402982676708622,0.009562096800863597,0.0,0.6502034747946874,0.8890875508776268,0.9915089844640976
sub_low_failed_pool_grid.csv,True,538150,0.13037763371974193,scores.utility,0.911002943189304,0.9394232171926874,0.9223784778330204,0.09000391078658067,0.2459211239913976,0.6317371930776328,0.9053337384733534,0.9394232171926874
