file,valid,rows,local_score,score_source,spearman_to_anchor,max_spearman_to_failed,mean_spearman_to_failed,rank_delta_to_anchor,local_bonus,geometry_score,spearman_to_sub_calibrated_tail_cli_,spearman_to_sub_anchor_blend_utility
sub_anchor_blend_micro_scan.csv,True,538150,0.12804221734404564,scores.utility,0.9981701704079322,0.9995076221684566,0.9629378691030424,0.013142334601832256,0.16807391146818804,0.664044220618396,0.926368116037628,0.9995076221684566
sub_anti_failed_rank_beta100.csv,True,538150,,,0.9991541430662162,0.9919649639586198,0.9411754684752678,0.008919724805912431,0.0,0.6502478718225664,0.8903859729919157,0.9919649639586198
sub_low_failed_pool_random_best.csv,True,538150,0.1325540716821459,scores.utility,0.9296705260897886,0.9546879447620555,0.9339700202307725,0.07936871098468469,0.31846905607152975,0.6461048758138307,0.9132520956994894,0.9546879447620555
sub_low_failed_pool_grid.csv,True,538150,0.13037763371974193,scores.utility,0.911002943189304,0.9394232171926874,0.9223784778330204,0.09000391078658067,0.2459211239913976,0.6317371930776328,0.9053337384733534,0.9394232171926874
