file,valid,rows,local_score,score_source,spearman_to_anchor,max_spearman_to_failed,mean_spearman_to_failed,rank_delta_to_anchor,local_bonus,geometry_score,spearman_to_sub_calibrated_tail_cli_,spearman_to_sub_anchor_blend_utility
sub_ensemble_ranknorm_v005_v010_v012_v015_v017_v018_v019_v020_v021_v022_v023_v024_v025_v026.csv,True,538150,0.14974595251568731,oof_pearson,0.9999999999999998,0.9957830413899098,0.9520082190520625,0.0,0.8915317505229106,0.7402074147048134,0.908233396714215,0.9957830413899098
sub_anchor_blend_utility_scan.csv,True,538150,0.12908001355826854,scores.utility,0.9957830413899097,1.0,0.9672421989590314,0.019854337654882825,0.20266711860895126,0.6651800819076176,0.9344843979180629,1.0
sub_anchor_blend_micro_scan.csv,True,538150,0.12804221734404564,scores.utility,0.9981701704079322,0.9995076221684583,0.9629378691030417,0.013142334601832256,0.16807391146818804,0.6640442206183955,0.9263681160376251,0.9995076221684583
sub_push_ridge_anchor_20260710.csv,True,538150,0.1273898061364889,scores.utility,0.9985608439416741,0.9991773523376705,0.9618374406657596,0.011697340532358299,0.14632687121629667,0.6623641699281954,0.9244975289938487,0.9991773523376705
sub_113_v034.csv,True,538150,0.1344365333065319,oof_pearson,0.8878297480736003,0.9003624096511436,0.8906755491523497,0.10004000565631674,0.381217776884397,0.6419400484640064,0.8809886886535558,0.9003624096511436
