file,valid,rows,local_score,score_source,spearman_to_anchor,max_spearman_to_failed,mean_spearman_to_failed,rank_delta_to_anchor,local_bonus,geometry_score,spearman_to_sub_calibrated_tail_cli_,spearman_to_sub_anchor_blend_utility
sub_upper_nnls_best_anchor_safe_ridge_top_plus_anchor_tail5_20260710.csv,True,538150,0.16355320151272934,scores.eval_corr,0.9895372146107864,0.9890339154337033,0.9519500431422816,0.029514945915765783,1.0,0.7430828865596024,0.9148661708508598,0.9890339154337033
sub_ensemble_ranknorm_v005_v010_v012_v015_v017_v018_v019_v020_v021_v022_v023_v024_v025_v026.csv,True,538150,0.14974595251568731,oof_pearson,0.9999999999999998,0.9957830413899098,0.9520082190520625,0.0,0.8915317505229106,0.7402074147048134,0.908233396714215,0.9957830413899098
sub_anchor_blend_utility_scan.csv,True,538150,0.12908001355826854,scores.utility,0.9957830413899097,1.0,0.9672421989590314,0.019854337654882825,0.20266711860895126,0.6651800819076176,0.9344843979180629,1.0
sub_upper_nnls_anchor_blend_20260710.csv,True,538150,0.1277883176990754,scores.utility,0.9983247616511407,0.9955869552480069,0.9543581726431394,0.011895777079243051,0.15961058996917984,0.6644423344486001,0.9131293900382718,0.9955869552480069
sub_anchor_blend_micro_scan.csv,True,538150,0.12804221734404564,scores.utility,0.9981701704079322,0.9995076221684583,0.9629378691030417,0.013142334601832256,0.16807391146818804,0.6640442206183955,0.9263681160376251,0.9995076221684583
sub_anti_failed_rank_w020_040.csv,True,538150,,,0.9999349837294476,0.9947826924750618,0.9491570376217431,0.002468790082823812,0.0,0.6509015002335348,0.9035313827684244,0.9947826924750618
