file,valid,rows,id_match,missing,mean,std,min,max,local_score,score_source,composite,utility,spearman_to_anchor,spearman_to_failed,rank_delta_to_anchor,warning
sub_anchor_blend_micro_scan.csv,True,538150,True,0,1.2491376943931103e-13,0.5647345916233963,-0.9999883,0.99999094,0.12804221734404564,scores.utility,0.12804221734404564,0.12804221734404564,0.9981701704108185,0.9263681160074282,0.01314233522862196,
sub_anchor_blend_utility_scan.csv,True,538150,True,0,5.650272381866288e-12,0.5592506722941556,-0.99998903,0.999991,0.12908001355826854,scores.utility,0.12908001355826854,0.12908001355826854,0.995783041382852,0.9344843979531173,0.019854336977005005,
sub_uv_iter_anchor_20260710.csv,True,538150,True,0,5.650272381866288e-12,0.5592506722941556,-0.99998903,0.999991,0.12908001355826854,scores.utility,0.12908001355826854,0.12908001355826854,0.9957830413828497,0.9344843979531189,0.019854336977005005,
sub_uv_iter_anchor_expanded_20260710.csv,True,538150,True,0,5.650272381866288e-12,0.5592506722941556,-0.99998903,0.999991,0.12908001355826854,scores.utility,0.12908001355826854,0.12908001355826854,0.9957830413828497,0.9344843979531189,0.019854336977005005,
