file,valid,rows,local_score,score_source,spearman_to_anchor,max_spearman_to_failed,mean_spearman_to_failed,rank_delta_to_anchor,local_bonus,geometry_score,spearman_to_sub_calibrated_tail_cli_,spearman_to_sub_anchor_blend_utility
sub_uv_iter_anchor_20260710.csv,True,538150,0.12908001355826854,scores.utility,0.9957830413899097,1.0,0.9672421989590314,0.019854337654882825,0.20266711860895126,0.6651800819076176,0.9344843979180629,1.0
sub_anchor_blend_utility_scan.csv,True,538150,0.12908001355826854,scores.utility,0.9957830413899097,1.0,0.9672421989590314,0.019854337654882825,0.20266711860895126,0.6651800819076176,0.9344843979180629,1.0
sub_anchor_blend_micro_scan.csv,True,538150,0.12804221734404564,scores.utility,0.9981701704079322,0.9995076221684583,0.9629378691030417,0.013142334601832256,0.16807391146818804,0.6640442206183955,0.9263681160376251,0.9995076221684583
sub_113_v034.csv,True,538150,0.1344365333065319,oof_pearson,0.8878297480736003,0.9003624096511436,0.8906755491523497,0.10004000565631674,0.381217776884397,0.6419400484640064,0.8809886886535558,0.9003624096511436
