{
  "metric": "rmse",
  "direction": "minimize",
  "rows": 3783989,
  "wells": 773,
  "left_version": "v001",
  "left_rmse": 15.909852870734554,
  "right_version": "v002",
  "right_rmse": 15.691114956676921,
  "best_right_weight": 0.9500000000000001,
  "best_blend_rmse": 15.690502607799047,
  "right_better_wells": 437,
  "right_worse_wells": 336,
  "median_well_rmse_delta": -0.1994731411654307
}