fold,validation_rmse,weight_parent_v006,weight_hmm_wr21_slow,weight_hmm_front20,weight_sp_plane_ancc_k10,weight_sp_plane_best6_k10,selected_face,attempted_systems
1,11.4776267066815,0.3260924202042549,0.1592157318396745,0.42714662646620244,0.011088146330172941,0.07645707515969524,"parent_active:0,1,2,3",31
2,10.875539349020285,0.3462489368959689,0.16886259905178883,0.44451569164128485,0.040372772410957436,0.0,"parent_active:0,1,2",31
3,11.349738027272373,0.25506625650067105,0.14956669153745422,0.4835119288314471,0.10780986977531493,0.00404525335511268,"parent_active:0,1,2,3",31
4,12.13344228806484,0.47210154388951586,0.14394796864635953,0.34332984583743537,0.03477677002460717,0.00584387160208195,"parent_active:0,1,2,3",31
5,12.200628074768737,0.24687375580272108,0.14685539396140085,0.5260078330440007,0.02181080033250748,0.05845221685936984,"parent_active:0,1,2,3",31
